{
    "attachments": [
        {
            "data_filename": "942767.jpg",
            "original_filename": "Aeroform_MESH.jpg",
            "thumb_filename": "thumbs\/942767.jpg"
        },
        {
            "data_filename": "942768.jpg",
            "original_filename": "Aeroform_STAR.jpg",
            "thumb_filename": "thumbs\/942768.jpg"
        },
        {
            "data_filename": "942769.jpg",
            "original_filename": "Aeroform_FLOW.jpg",
            "thumb_filename": "thumbs\/942769.jpg"
        }
    ],
    "resource_id": 23716,
    "current_version_id": 41244,
    "download_count": 0,
    "resource_version_id": 41244,
    "version_string": "1.0",
    "last_update": 1662056447,
    "rating_avg": 0,
    "rating_count": 0,
    "rating_sum": 0,
    "resource_category_id": 7,
    "resource_date": 1662056447,
    "review_count": 0,
    "tag_line": "Bold and Deep",
    "update_count": 0,
    "path": "MQPNFDG2U\/41244\/",
    "filename": "aeroform_pack.zip",
    "title": "Aeroform Wheels",
    "user_id": 490097,
    "username": "ghost_cauli",
    "tagid": "MQPNFDG2U",
    "message": "This pack includes four deep Euro-style wheels in four sizes, both front and rear: 19x9, 19x12, 20x9, and 20x12, each of them is colorable with the third color option.\n\n[HR][\/HR]\n[ATTACH]942773[\/ATTACH] [ATTACH]942772[\/ATTACH] [ATTACH]942774[\/ATTACH] [ATTACH]942771[\/ATTACH] \n\n[SPOILER=\"Wheel Renders\"]\nAeroform MESH:\n[ATTACH]942767[\/ATTACH] \nAeroform WIRE:\n[ATTACH]942770[\/ATTACH]\nAeroform FLOW:\n[ATTACH]942769[\/ATTACH]\nAeroform STAR:\n[ATTACH]942768[\/ATTACH] [\/SPOILER]\n\n[HR][\/HR]\n\nNotes:\n[LIST]\n[*]They are [B]deep[\/B]. On some cars you will need overfenders even for the 9\" wide wheels.\n[*]Extra set of 20\" tires included, they may still need some tuning.\n[*]Meshes may have a little higher polygon count, but they shouldn't affect performance.\n[\/LIST]",
    "category_title": "",
    "prefix_title": "Beta",
    "via": "packed by repo on Thu, 01 Sep 2022 22:00:45 GMT",
    "hashes": [
        [
            "vehicles\/common\/wheels\/aeroform.materials.json",
            "00e7862095a7cac2"
        ],
        [
            "vehicles\/common\/wheels\/wheel_aerowire_b.color.dds",
            "cc66094425e3aba3"
        ],
        [
            "vehicles\/common\/wheels\/wheel_aeroflow_ao.data.dds",
            "bc0bbd69419f1698"
        ],
        [
            "vehicles\/common\/wheels\/wheel_aerostar_b.color.dds",
            "79ba5ae9869094fc"
        ],
        [
            "vehicles\/common\/wheels\/wheel_aeromesh_b.color.dds",
            "d823479af9f3fb67"
        ],
        [
            "vehicles\/common\/wheels\/wheel_aeromesh.dae",
            "63b975cacc2c5b87"
        ],
        [
            "vehicles\/common\/wheels\/wheels_5lug\/AEROFORM_20.jbeam",
            "7fc45bd285192de7"
        ],
        [
            "vehicles\/common\/wheels\/wheels_5lug\/AEROFORM_19.jbeam",
            "8fa6bb6449d621c9"
        ],
        [
            "vehicles\/common\/wheels\/wheel_aero_nm.normal.dds",
            "994887de6f356b2f"
        ],
        [
            "vehicles\/common\/wheels\/wheel_aeromesh_ao.data.dds",
            "7dbb37f84e5ca5b7"
        ],
        [
            "vehicles\/common\/wheels\/wheel_aero_m.data.dds",
            "be82133d6295bf33"
        ],
        [
            "vehicles\/common\/wheels\/wheel_aerowire_ao.data.dds",
            "945f09569dfecacc"
        ],
        [
            "vehicles\/common\/wheels\/wheel_aeroflow_b.color.dds",
            "6f3a2c841476578d"
        ],
        [
            "vehicles\/common\/wheels\/wheel_aero_r.data.dds",
            "29ebfe6cf0a48c14"
        ],
        [
            "vehicles\/common\/wheels\/wheel_aerostar_ao.data.dds",
            "998742412c984580"
        ],
        [
            "vehicles\/common\/wheels\/wheel_aero_c.color.dds",
            "71d37cbff59c06ab"
        ],
        [
            "vehicles\/common\/tires\/tires_20\/tires_20x9_race.jbeam",
            "3471913213ecae92"
        ],
        [
            "vehicles\/common\/tires\/tires_20\/tires_20x12_race.jbeam",
            "d8e6be0c6884a1b8"
        ]
    ]
}