{
  "AEROFORM_MESH_MAIN": {
    "name": "AEROFORM_MESH_MAIN",
    "mapTo": "AEROFORM_MESH_MAIN",
    "class": "material",
    "persistentId": "",
    "Stages": [
      {
        "ambientOcclusionMap": "vehicles/common/wheels/wheel_aeromesh_ao.data.png",
        "baseColorMap": "vehicles/common/wheels/wheel_aeromesh_b.color.png",
        "colorPaletteMap": "vehicles/common/wheels/wheel_aero_c.color.png",
        "metallicFactor": 1,
        "metallicMap": "vehicles/common/wheels/wheel_aero_m.data.png",
        "normalMap": "vehicles/common/wheels/wheel_aero_nm.normal.png",
        "roughnessMap": "vehicles/common/wheels/wheel_aero_r.data.png"
      },
      {},
      {},
      {}
    ],
    "dynamicCubemap": true,
    "version": 1.5
  },
  "AEROFORM_STAR_MAIN": {
    "name": "AEROFORM_STAR_MAIN",
    "mapTo": "AEROFORM_STAR_MAIN",
    "class": "material",
    "persistentId": "",
    "Stages": [
      {
        "ambientOcclusionMap": "vehicles/common/wheels/wheel_aerostar_ao.data.png",
        "baseColorMap": "vehicles/common/wheels/wheel_aerostar_b.color.png",
        "colorPaletteMap": "vehicles/common/wheels/wheel_aero_c.color.png",
        "metallicFactor": 1,
        "metallicMap": "vehicles/common/wheels/wheel_aero_m.data.png",
        "normalMap": "vehicles/common/wheels/wheel_aero_nm.normal.png",
        "roughnessMap": "vehicles/common/wheels/wheel_aero_r.data.png"
      },
      {},
      {},
      {}
    ],
    "dynamicCubemap": true,
    "version": 1.5
  },
  "AEROFORM_FLOW_MAIN": {
    "name": "AEROFORM_FLOW_MAIN",
    "mapTo": "AEROFORM_FLOW_MAIN",
    "class": "material",
    "persistentId": "",
    "Stages": [
      {
        "ambientOcclusionMap": "vehicles/common/wheels/wheel_aeroflow_ao.data.png",
        "baseColorMap": "vehicles/common/wheels/wheel_aeroflow_b.color.png",
        "colorPaletteMap": "vehicles/common/wheels/wheel_aero_c.color.png",
        "metallicFactor": 1,
        "metallicMap": "vehicles/common/wheels/wheel_aero_m.data.png",
        "normalMap": "vehicles/common/wheels/wheel_aero_nm.normal.png",
        "roughnessMap": "vehicles/common/wheels/wheel_aero_r.data.png"
      },
      {},
      {},
      {}
    ],
    "dynamicCubemap": true,
    "version": 1.5
  },
  "AEROFORM_WIRE_MAIN": {
    "name": "AEROFORM_WIRE_MAIN",
    "mapTo": "AEROFORM_WIRE_MAIN",
    "class": "material",
    "persistentId": "",
    "Stages": [
      {
        "ambientOcclusionMap": "vehicles/common/wheels/wheel_aerowire_ao.data.png",
        "baseColorMap": "vehicles/common/wheels/wheel_aerowire_b.color.png",
        "colorPaletteMap": "vehicles/common/wheels/wheel_aero_c.color.png",
        "metallicFactor": 1,
        "metallicMap": "vehicles/common/wheels/wheel_aero_m.data.png",
        "normalMap": "vehicles/common/wheels/wheel_aero_nm.normal.png",
        "roughnessMap": "vehicles/common/wheels/wheel_aero_r.data.png"
      },
      {},
      {},
      {}
    ],
    "dynamicCubemap": true,
    "version": 1.5
  }
}